6.40905,0.101335,0.0158608,0.01139,6.55842
5.69792,0.102279,0.000659943,0.00567031,5.80922
5.68583,0.102986,0.000391483,0.0055995,5.79906
5.71687,0.102067,0.000415325,0.00567627,5.82805
5.69365,0.102279,0.00509191,0.00547862,5.80919
5.73317,0.101782,0.000385761,0.00564289,5.84392
5.75439,0.101307,0.000387192,0.00562835,5.8646
5.72174,0.10222,0.000669718,0.00561547,5.83306
5.84005,0.102577,0.000402927,0.00560951,5.95154
5.74637,0.102112,0.000451088,0.00561547,5.85722
5.70303,0.103188,0.000670195,0.00565195,5.81547
5.70096,0.102437,0.000778913,0.0058403,5.81278
5.73334,0.102308,0.000420332,0.00565815,5.84449
5.6909,0.101781,0.000678778,0.00563788,5.80199
5.75663,0.10256,0.000752211,0.00562859,5.86818
5.76336,0.101984,0.000740051,0.00561213,5.87444
5.72254,0.10255,0.000705957,0.0057416,5.83437
5.73251,0.102695,0.000648737,0.00561309,5.84421
5.73678,0.102104,0.000429153,0.00564075,5.84766
5.75219,0.103114,0.000676632,0.00558162,5.8643
5.73714,0.102755,0.00066185,0.00568652,5.84896
5.71076,0.101991,0.000728846,0.00565243,5.82188
5.84581,0.102771,0.000680208,0.00568914,5.95797
5.73457,0.102718,0.000413179,0.00560188,5.84576
5.83245,0.10143,0.000706196,0.00563335,5.94298
5.70917,0.102294,0.000422239,0.00567889,5.82036
5.68466,0.101725,0.000684738,0.0056448,5.79547
5.75095,0.102605,0.00040555,0.00566411,5.86227
5.78456,0.102076,0.000382185,0.00564933,5.89543
5.70633,0.102987,0.000911236,0.00560999,5.81861
5.73973,0.102553,0.000416994,0.00567484,5.85123
5.72602,0.102341,0.000659227,0.00560784,5.83725
5.72462,0.102471,0.000444412,0.00558496,5.83582
5.72285,0.102491,0.000397682,0.00562143,5.834
5.74744,0.102022,0.000396967,0.00565529,5.8583
5.73548,0.101342,0.000636578,0.00560689,5.8473
5.70684,0.10265,0.000409842,0.00565386,5.81842
5.75108,0.102438,0.000386953,0.00559497,5.86637
5.69398,0.102555,0.000729799,0.0056448,5.80573
5.72455,0.102533,0.00064826,0.00577998,5.8362
5.69593,0.102606,0.000705957,0.00563478,5.80768
5.74254,0.103056,0.000747681,0.00559187,5.85478
5.73317,0.192724,0.00069952,0.00555205,5.93486
5.69536,0.102467,0.000644684,0.00566983,5.80703
5.77254,0.114819,0.000388145,0.00560021,5.89615
5.84447,0.105123,0.000428677,0.00567508,5.95856
5.86093,0.106016,0.000383854,0.00560951,5.97699
5.73797,0.102385,0.000684738,0.00558496,5.84933
5.74558,0.101787,0.000735998,0.00563598,5.85623
5.71228,0.101883,0.00346613,0.00546002,5.82599



2.77677,0.0505884,0.000610113,0.0029223,2.83307
2.57435,0.0514054,0.000322342,0.00294685,2.63117
2.51516,0.0511575,0.000327349,0.00296736,2.57181
2.51616,0.0515501,0.000301838,0.00297904,2.57308
2.57104,0.0514665,0.000694036,0.00299144,2.62826
2.52018,0.0509028,0.00031209,0.00292611,2.57641
2.54491,0.051312,0.000670433,0.00289989,2.60183
2.56536,0.0521631,0.000300884,0.00297236,2.62297
2.5089,0.0507102,0.000309706,0.00294805,2.56511
2.50679,0.0508523,0.000304461,0.00289392,2.56294
2.58682,0.0512402,0.000666857,0.00300741,2.64389
2.53364,0.0512378,0.000299215,0.00302339,2.59038
2.56404,0.051075,0.000640869,0.00295091,2.62081
2.56566,0.0509219,0.00031209,0.00295877,2.622
2.51422,0.0509942,0.000347614,0.00297213,2.57086
2.51342,0.0509393,0.000603676,0.00293684,2.57016
2.51046,0.0512772,0.000613451,0.00294614,2.56749
2.52501,0.0514164,0.000294924,0.00298405,2.58186
2.5494,0.051589,0.000303507,0.00300241,2.60628
2.54631,0.0513859,0.000317812,0.00293779,2.60313
2.54745,0.0508189,0.000687122,0.00292325,2.60419
2.52849,0.051008,0.00337887,0.00284529,2.58783
2.57228,0.0510974,0.000645638,0.00293732,2.62918
2.52446,0.0508561,0.000324965,0.00301719,2.58073
2.51652,0.0512183,0.000645399,0.0029254,2.57349
2.59682,0.0511773,0.000856161,0.00293899,2.65378
2.54647,0.0508797,0.000600338,0.00290823,2.60327
2.51109,0.0510638,0.000456333,0.00299311,2.57146
2.50759,0.051362,0.000302076,0.00292683,2.56418
2.50906,0.0509956,0.000317574,0.00295472,2.56664
2.55395,0.0509009,0.000309229,0.00299549,2.61014
2.52075,0.0507243,0.000308037,0.00294638,2.57696
2.51625,0.0512602,0.000298977,0.00296497,2.57301
2.50562,0.0505574,0.000307083,0.00295663,2.56161
2.51339,0.0512531,0.000864744,0.00296021,2.57062
2.5001,0.0507011,0.00070715,0.00299716,2.55685
2.53791,0.051105,0.000664711,0.00289583,2.59464
2.54012,0.0512233,0.000653982,0.00289035,2.5971
2.53976,0.0511558,0.000321388,0.00296521,2.59646
2.52274,0.0512137,0.000302553,0.00292683,2.57919
2.50946,0.0509801,0.000844717,0.00292397,2.56647
2.5132,0.0509584,0.000316858,0.00293469,2.56942
2.55426,0.0511837,0.000627518,0.0029366,2.61139
2.51868,0.0509715,0.000650644,0.0028944,2.57533
2.5826,0.0511458,0.00064826,0.00291872,2.6433
2.51108,0.0507755,0.000863552,0.00292277,2.56801
2.51309,0.0509193,0.000647306,0.00291753,2.56967
2.54166,0.0517662,0.000307322,0.00292325,2.59863
2.51294,0.0514863,0.000298023,0.00300193,2.56996
2.51418,0.050838,0.000331402,0.00297189,2.57028



8.85127,0.12753,0.00515008,0.00727773,8.99393
8.36959,0.128598,0.000483036,0.00746512,8.50863
8.16003,0.129045,0.000494003,0.00759888,8.3
8.10882,0.127716,0.000806332,0.00743127,8.24728
8.18457,0.127779,0.00067544,0.00744009,8.32317
8.11513,0.127277,0.000494242,0.00741863,8.25321
8.15172,0.127671,0.000482321,0.00747204,8.29139
8.13603,0.127059,0.000647068,0.00743771,8.27392
8.14901,0.128413,0.000655174,0.00738311,8.28824
8.3287,0.129159,0.000484705,0.00745654,8.46856
8.12397,0.128005,0.000481844,0.00748825,8.26282
8.1459,0.200689,0.000469208,0.00747848,8.35864
8.14161,0.191331,0.000477552,0.00743628,8.34356
8.11084,0.12818,0.00048542,0.00748062,8.24969
8.1506,0.132171,0.00074625,0.00745201,8.29374
8.37807,0.128287,0.000483513,0.00741744,8.51687
8.09981,0.127117,0.000488281,0.00747776,8.2376
8.35112,0.130112,0.00047636,0.0074048,8.49189
8.09869,0.127992,0.000840902,0.00752568,8.2378
8.14254,0.128276,0.0052619,0.00729847,8.28622
8.13269,0.16733,0.000492334,0.00741196,8.31062
8.11741,0.127683,0.000729322,0.00751448,8.25619
8.10282,0.127858,0.000479698,0.00742054,8.24232
8.11813,0.128591,0.000742674,0.00744295,8.25768
8.31113,0.127934,0.000776052,0.0074141,8.45004
8.19914,0.127771,0.000468969,0.00745368,8.33757
8.15479,0.127801,0.00047493,0.00748181,8.29325
8.11534,0.197656,0.000713587,0.00753474,8.32401
8.15751,0.128453,0.000485182,0.00742793,8.29663
8.16028,0.127737,0.000656366,0.00739193,8.29909
8.13253,0.128122,0.000684977,0.00745606,8.27166
8.12392,0.127625,0.000493526,0.0074439,8.26215
8.11081,0.128669,0.000772476,0.00747848,8.25062
8.15553,0.127375,0.000475407,0.0074656,8.29381
8.14021,0.128038,0.000491858,0.00741911,8.27902
8.14969,0.149001,0.000679255,0.0075314,8.30961
8.09897,0.129302,0.000488043,0.00746012,8.23907
8.16907,0.129314,0.000716925,0.00746155,8.30943
8.18745,0.294574,0.000496149,0.00741124,8.49273
8.35691,0.129003,0.000644445,0.00741243,8.49668
8.21409,0.128933,0.000708818,0.00748992,8.35398
8.23398,0.127774,0.000477314,0.00748968,8.37248
8.10219,0.127609,0.000496149,0.00747776,8.24049
8.14274,0.126708,0.000484228,0.00748873,8.28017
8.13553,0.129164,0.0004704,0.00745964,8.27528
8.15172,0.129202,0.000734568,0.00745559,8.29151
8.11851,0.128694,0.000753164,0.00744653,8.25829
8.10164,0.126806,0.00071764,0.00747108,8.23926
8.1249,0.128129,0.000721216,0.00740957,8.26388
8.10271,0.1283,0.000478983,0.00745249,8.24159



2.68051,0.0469403,0.000630617,0.00252032,2.73276
2.49768,0.0456522,0.000854254,0.00266123,2.54911
2.48276,0.0454023,0.000311375,0.00256062,2.53333
2.4883,0.0460927,0.000609636,0.00252819,2.53952
2.48672,0.0462337,0.000662804,0.00252795,2.53809
2.4706,0.046371,0.000618458,0.00251746,2.52224
2.48121,0.0455194,0.000317097,0.00252485,2.53092
2.53247,0.0458171,0.00027895,0.00252557,2.58315
2.48466,0.0459561,0.000285864,0.00254488,2.53593
2.48458,0.0458553,0.000310659,0.00252581,2.53528
2.51536,0.0458248,0.00029397,0.00257492,2.56597
2.47672,0.0456076,0.000314713,0.00253844,2.52754
2.48684,0.045759,0.000621319,0.00255704,2.53932
2.47858,0.04547,0.000630617,0.00254989,2.52933
2.54051,0.0462613,0.000604153,0.0025115,2.59195
2.46786,0.0462079,0.000324249,0.00255275,2.5191
2.47595,0.0460954,0.000280857,0.00250077,2.52694
2.5052,0.046689,0.000596523,0.00255418,2.55717
2.49614,0.0458601,0.000642061,0.00256681,2.54732
2.5076,0.0458744,0.000298977,0.00253081,2.55829
2.48532,0.0457208,0.000285625,0.00250316,2.53581
2.47389,0.0463247,0.000643253,0.00251651,2.5255
2.48982,0.046159,0.000612259,0.00251698,2.54177
2.49731,0.0469048,0.000271797,0.00252962,2.54928
2.47301,0.0466211,0.000618458,0.00252295,2.52486
2.49034,0.0459507,0.000294924,0.00257969,2.54606
2.48212,0.0464361,0.000630617,0.00258207,2.53393
2.48941,0.0459352,0.000589371,0.00252533,2.54046
2.48815,0.0464089,0.000287294,0.00253153,2.53986
2.49827,0.0451846,0.000331163,0.00251031,2.54819
2.50496,0.0463066,0.000629663,0.0025146,2.55654
2.48612,0.0465407,0.000286818,0.00256395,2.53751
2.5055,0.0461333,0.000617027,0.00247455,2.5567
2.56703,0.0458114,0.000619173,0.00253415,2.61857
2.47564,0.0459998,0.000285864,0.00254917,2.52665
2.4962,0.0465155,0.000298262,0.00250363,2.5473
2.47412,0.046016,0.000641823,0.0025239,2.5254
2.48172,0.046526,0.000636101,0.00251317,2.5341
2.48755,0.046613,0.000282288,0.00257182,2.53903
2.49451,0.0460482,0.000653982,0.00250578,2.54569
2.48559,0.0464749,0.000629663,0.00250816,2.53719
2.49374,0.0467181,0.000596046,0.00254893,2.54566
2.50814,0.0462327,0.000294924,0.0025034,2.55997
2.49821,0.0457306,0.000609159,0.00248528,2.54891
2.49367,0.0458169,0.000295639,0.00251293,2.54445
2.50404,0.0461507,0.00342417,0.00242877,2.55846
2.50247,0.0464132,0.000639677,0.00253296,2.55397
2.48221,0.0460734,0.000622511,0.00251508,2.53337
2.48759,0.0463099,0.000655413,0.00249648,2.53916
2.54528,0.0455029,0.000581264,0.00248981,2.59592



2.13081,0.0366604,0.000266314,0.00216079,2.17201
1.94498,0.0369084,0.00027132,0.00245953,1.98663
1.94378,0.0366156,0.00027585,0.0025208,1.98509
1.9725,0.042594,0.00337195,0.0021565,2.02263
1.99209,0.0400803,0.000599861,0.00219083,2.03686
1.95196,0.0368679,0.000589609,0.00252509,1.99427
1.9352,0.0368025,0.000265837,0.0025022,1.97684
1.95047,0.0385685,0.000585794,0.0026505,1.99471
1.94459,0.0364752,0.00030303,0.00252223,1.98597
1.98906,0.0395956,0.0002563,0.00218177,2.03311
1.94285,0.0371857,0.000602484,0.00247836,1.98513
1.94538,0.0373573,0.00027442,0.00244832,1.9874
1.94702,0.0375099,0.000273228,0.00250244,1.98934
1.94457,0.0378544,0.000284672,0.00248408,1.98718
1.94924,0.0373929,0.000629187,0.00248289,1.99153
1.94459,0.0370319,0.000278711,0.00246692,1.98646
1.94418,0.0375061,0.000632286,0.00250292,1.9869
1.9391,0.036608,0.000508785,0.0025022,1.98084
1.97284,0.0405984,0.000603437,0.00222373,2.01989
1.97794,0.0400274,0.000254869,0.00219822,2.02279
1.94344,0.037483,0.000568151,0.00245833,1.98653
1.97094,0.0412018,0.000270605,0.00227523,2.01652
1.9456,0.0367296,0.000597,0.00249481,1.98918
1.95529,0.0411127,0.000274658,0.0025394,2.00195
1.9455,0.0374751,0.000617266,0.00249696,1.98878
1.95189,0.0366569,0.000576258,0.0024755,1.99312
1.94579,0.0377877,0.000615835,0.00245976,1.98831
1.9546,0.0402997,0.000248909,0.00251579,1.99923
1.9468,0.0360961,0.000271559,0.00247788,1.98674
2.01295,0.0389822,0.000643969,0.00215936,2.05586
1.95139,0.0363846,0.00058198,0.00247574,1.99188
2.01726,0.0380614,0.000612497,0.00218296,2.05918
1.96604,0.0404155,0.000278234,0.0025115,2.01031
1.9502,0.0367517,0.00065136,0.00246859,1.99111
1.95754,0.04039,0.000271082,0.00245404,2.00168
1.94527,0.037045,0.000582695,0.00245047,1.98636
1.94003,0.0373473,0.000274658,0.00245094,1.98127
1.95191,0.0367095,0.000255585,0.00249386,1.99289
1.95484,0.0415282,0.000590086,0.00248027,2.00097
1.93448,0.0368867,0.000277042,0.00246382,1.97653
1.95497,0.0405929,0.000266314,0.0025208,1.99994
1.94767,0.037075,0.000617266,0.00246024,1.98937
1.9571,0.0407164,0.000264645,0.00244522,2.00146
1.96862,0.0401788,0.000613213,0.00245237,2.0135
1.94411,0.0376453,0.000872374,0.00250745,1.98663
1.9368,0.0367723,0.000265837,0.00250936,1.97742
1.94947,0.0372028,0.00114536,0.00244856,1.99259
1.93998,0.0363398,0.000642538,0.00248432,1.98556
1.95554,0.0413404,0.000253201,0.00246835,2.00063
2.00326,0.0385945,0.000638485,0.00222945,2.0458



12.0699,0.261688,0.00073576,0.00502276,12.339
11.3467,0.256028,0.000959635,0.00508928,11.6105
11.9124,0.203758,0.000824451,0.00504327,12.1237
11.3167,0.314643,0.000599623,0.00648785,11.6408
11.5041,0.206987,0.000849962,0.0051322,11.7188
11.6883,0.203898,0.000610828,0.00500011,11.8994
11.3045,0.207696,0.000844479,0.00644207,11.5218
11.1949,0.204607,0.000891447,0.00652981,11.4094
11.2122,0.233806,0.000743389,0.00647068,11.4568
11.1778,0.206357,0.00083518,0.00645185,11.3938
11.3321,0.205353,0.000671625,0.00651503,11.547
11.2332,0.204448,0.000619411,0.00642967,11.447
11.1768,0.207448,0.000802279,0.00643706,11.3941
11.1934,0.209954,0.000794888,0.0064373,11.413
11.6863,0.205074,0.000682116,0.00503683,11.8988
11.2026,0.204803,0.00084734,0.00652647,11.4172
11.5463,0.233237,0.000807524,0.00502968,11.7871
11.4358,0.206102,0.000611782,0.00507426,11.6516
11.671,0.204359,0.000879288,0.00501132,11.8829
11.2108,0.205662,0.000572205,0.00641704,11.4258
11.386,0.204828,0.000870228,0.00582552,11.5999
11.3078,0.205279,0.00365186,0.00487924,11.5233
11.7267,0.204756,0.000825882,0.00502062,11.939
11.3236,0.205897,0.000677109,0.00652361,11.5391
11.2621,0.205096,0.000900745,0.00650954,11.4771
11.2749,0.205528,0.000693798,0.00649595,11.4901
11.2363,0.204542,0.000850916,0.00643849,11.4505
11.7128,0.256438,0.000601768,0.00504017,11.9766
11.2877,0.207787,0.000646114,0.00655818,11.5051
11.6897,0.205146,0.000893354,0.00501943,11.9025
11.2275,0.20474,0.000869036,0.00638795,11.4419
11.213,0.204311,0.000718117,0.0064683,11.4269
11.9398,0.205334,0.000660419,0.00507021,12.1524
11.2341,0.205243,0.000678778,0.00650263,11.4489
11.7051,0.2049,0.000813484,0.0050118,11.9176
11.4928,0.205089,0.000654697,0.00515032,11.7054
11.2837,0.216729,0.000620842,0.00640941,11.51
11.3105,0.247401,0.00139666,0.00640249,11.5683
12.917,0.242135,0.000640392,0.00508714,13.173
11.8954,0.203562,0.000728369,0.00508356,12.1085
11.1711,0.20686,0.000668764,0.00680685,11.388
11.4676,0.205253,0.000664473,0.00506091,11.6811
11.2961,0.205013,0.000639915,0.00501609,11.5083
11.1899,0.206201,0.00086689,0.00639963,11.4068
11.3109,0.207865,0.000897884,0.00647259,11.5284
11.2272,0.204755,0.000948429,0.00650215,11.4419
11.544,0.203098,0.000816107,0.00499797,11.7546
11.2615,0.257936,0.000739098,0.00640059,11.5289
11.3538,0.204153,0.000890732,0.00646925,11.5677
11.2438,0.204071,0.000850439,0.00647068,11.4578



4.3674,0.0648532,0.000305414,0.00244617,4.43611
4.03395,0.0665131,0.000648499,0.00238919,4.10459
4.04706,0.067338,0.000313997,0.00238538,4.12073
4.08526,0.0644987,0.000797987,0.0023818,4.15446
4.00138,0.0652633,0.000611305,0.00247836,4.07085
4.02431,0.0660503,0.000648022,0.00239897,4.09516
4.04949,0.0666647,0.000664949,0.00239277,4.12098
4.04344,0.0677078,0.000306129,0.00239229,4.11486
4.01852,0.0658178,0.000626564,0.00238729,4.08885
4.05044,0.0656874,0.000656128,0.00239944,4.12075
4.08852,0.0648777,0.000293732,0.00237489,4.15707
4.02898,0.0674458,0.000333548,0.00242805,4.10091
4.01577,0.0664737,0.000314236,0.00238943,4.08625
4.05217,0.0656981,0.000320196,0.00241327,4.12172
4.11488,0.0640781,0.00028491,0.00241661,4.18391
4.01189,0.0658667,0.000305891,0.00246954,4.08154
4.02654,0.0663395,0.00065589,0.00240612,4.09755
4.02223,0.0651128,0.000328302,0.00236797,4.09172
4.01473,0.0661485,0.000325918,0.00241685,4.08493
4.12648,0.0645835,0.000302553,0.00239229,4.19493
4.02519,0.0666039,0.000307083,0.00241566,4.09615
4.01004,0.0660181,0.000370026,0.00238585,4.07992
4.04289,0.0672748,0.000311613,0.00243592,4.1141
4.07505,0.063601,0.000324965,0.00241184,4.14304
4.1051,0.0650871,0.000658751,0.00238967,4.17428
4.13532,0.0644073,0.000623226,0.00238705,4.20427
4.10337,0.0639899,0.000677824,0.00242209,4.17158
4.04142,0.0672412,0.000314951,0.00238228,4.1131
4.03661,0.0673277,0.000655174,0.0023756,4.10803
4.03548,0.0661929,0.000337839,0.00242114,4.1065
4.12658,0.0638509,0.000655413,0.00239205,4.19521
4.04612,0.065726,0.000668526,0.00240469,4.11671
4.01994,0.0660825,0.000622272,0.0023489,4.09063
4.14182,0.0637248,0.000615835,0.00237179,4.21042
4.06857,0.0638628,0.000667334,0.00238967,4.13724
4.07121,0.0645866,0.00340247,0.00235176,4.1427
4.04978,0.0669315,0.000676632,0.00238395,4.12099
4.02,0.0652218,0.000352144,0.00238061,4.08957
4.00717,0.0663168,0.000305653,0.00244403,4.07732
4.02579,0.0662215,0.000315189,0.00243473,4.09583
4.16978,0.0645587,0.000303268,0.00240564,4.23805
4.04113,0.0659785,0.000670671,0.00237179,4.11125
4.0349,0.0663686,0.000315428,0.00255132,4.10582
4.02458,0.0669925,0.000674009,0.00236487,4.09567
4.10723,0.0645263,0.000673532,0.00244665,4.17668
4.02108,0.0655906,0.000661373,0.00242472,4.09088
4.0356,0.0658913,0.000319481,0.00237441,4.1053
4.04488,0.066766,0.000648975,0.00240159,4.11645
4.01606,0.0660944,0.000328541,0.00239778,4.08603
4.0295,0.0666707,0.000812292,0.002424,4.10091



13.8891,0.156615,0.000782013,0.00338387,14.0532
12.6398,0.155508,0.000589371,0.00341392,12.8005
12.5078,0.156451,0.000628471,0.00337601,12.6695
12.5235,0.156045,0.000867844,0.00345445,12.685
12.5388,0.15566,0.000747919,0.00330162,12.6997
12.896,0.160064,0.000566721,0.00334382,13.0613
12.5008,0.156101,0.000575542,0.00332665,12.662
12.5379,0.155773,0.000605583,0.0033567,12.6989
12.6731,0.155747,0.00061202,0.00336361,12.8341
12.5179,0.156008,0.000633717,0.00332284,12.6792
12.5912,0.155634,0.000618696,0.00334144,12.7521
12.8655,0.160731,0.000590801,0.00333023,13.0313
12.9229,0.157536,0.000798464,0.00334215,13.0869
12.8225,0.174811,0.000813961,0.00333142,13.0026
12.5136,0.167559,0.000810146,0.00329518,12.6869
12.5087,0.155262,0.000591755,0.0033505,12.6694
12.5851,0.157306,0.000855684,0.00335717,12.7479
12.4949,0.158721,0.000581026,0.00332403,12.66
12.5126,0.155549,0.00061655,0.00335479,12.6735
12.5337,0.155622,0.000810623,0.00336337,12.6946
12.5065,0.156482,0.000836372,0.00332904,12.6684
12.5431,0.155788,0.000932932,0.00331211,12.7045
12.6022,0.15619,0.00105405,0.00330114,12.7639
12.5182,0.157124,0.000596285,0.00334144,12.6804
12.5841,0.154853,0.000587225,0.0033648,12.7443
12.6499,0.155816,0.000930309,0.00331402,12.8112
12.6809,0.156203,0.000584841,0.00333643,12.8423
12.6701,0.155333,0.000599623,0.0033648,12.8307
12.5166,0.155145,0.000806332,0.00332236,12.6771
12.5522,0.155147,0.000635147,0.00339723,12.7126
12.5375,0.155585,0.000611782,0.00335193,12.6984
12.5306,0.155703,0.000592709,0.00333858,12.6916
12.6213,0.156714,0.000885725,0.0033145,12.7836
12.5844,0.161967,0.00361347,0.00333762,12.7546
12.7083,0.155532,0.000626802,0.00329566,12.8691
12.6032,0.155781,0.00060153,0.00340056,12.7694
12.6728,0.169433,0.000972986,0.00343323,12.848
12.5036,0.162344,0.000585794,0.00333714,12.6712
12.8442,0.167879,0.000614882,0.00333786,13.0171
12.809,0.160625,0.000599861,0.00334048,12.9772
12.5352,0.155698,0.000625372,0.00333834,12.6962
12.5371,0.155392,0.000754356,0.00338912,12.6977
12.5959,0.156581,0.000751972,0.00337481,12.7579
12.5753,0.155882,0.000621557,0.00342035,12.7365
12.545,0.156872,0.000633478,0.00338984,12.7071
12.5603,0.155633,0.000626802,0.00334573,12.7212
12.5734,0.163723,0.000885487,0.0033226,12.7426
12.5478,0.156795,0.000595093,0.00335407,12.7099
12.5283,0.155992,0.000561953,0.0033536,12.6895
12.8976,0.155067,0.000571251,0.0033536,13.058



10.8603,0.137616,0.000555277,0.00296235,11.0026
10.0953,0.137724,0.000805616,0.00295186,10.2378
10.0223,0.136834,0.000807285,0.00296855,10.164
10.0611,0.135943,0.00057435,0.0029099,10.2017
10.1246,0.13668,0.000562429,0.00289989,10.2658
10.3576,0.138559,0.000565052,0.00293756,10.5006
10.1497,0.185611,0.00187922,0.00293231,10.3411
10.1635,0.138815,0.000799656,0.0029757,10.3071
10.1279,0.137614,0.000531435,0.00293541,10.2701
10.144,0.138911,0.000550508,0.00293159,10.2875
10.1781,0.137135,0.000542164,0.00297618,10.3202
10.0112,0.137777,0.0157225,0.00283241,10.1685
10.1151,0.137138,0.00082922,0.00293541,10.257
10.3243,0.13588,0.00078702,0.00287271,10.4652
10.0353,0.137105,0.000751734,0.00292873,10.1774
10.3532,0.136893,0.000550747,0.00290751,10.4946
10.0165,0.137196,0.000542402,0.00290537,10.1583
10.0735,0.137367,0.000771284,0.00294065,10.2158
10.022,0.137111,0.000943899,0.00296378,10.1651
10.3579,0.138417,0.000543356,0.00293994,10.5009
10.1096,0.138604,0.000525713,0.00293756,10.2528
10.1828,0.137981,0.000798464,0.00295353,10.3255
10.6125,0.13624,0.000707865,0.00291777,10.7536
10.1298,0.137394,0.000658512,0.00294447,10.2719
10.0409,0.13727,0.000722408,0.0029242,10.1829
10.1643,0.137588,0.000701666,0.00290561,10.3066
10.0587,0.137089,0.000752449,0.00294256,10.2005
10.1661,0.181546,0.00055027,0.00290418,10.3523
10.0365,0.13689,0.000941992,0.00294757,10.1784
10.016,0.137309,0.00056076,0.00301242,10.158
10.0781,0.136692,0.000780344,0.00290418,10.2196
10.4405,0.142614,0.000706196,0.00291872,10.5891
10.0486,0.137352,0.00522995,0.002918,10.1953
10.026,0.136895,0.000864744,0.00294495,10.1679
10.1408,0.137232,0.000714302,0.00295138,10.2829
10.379,0.137062,0.00055933,0.00295353,10.5211
10.3801,0.137343,0.000549316,0.00297904,10.5224
10.3338,0.138953,0.000557184,0.00295305,10.4774
10.0438,0.136661,0.000816584,0.00288463,10.1851
10.0472,0.178505,0.000564337,0.0029304,10.2303
10.0645,0.236208,0.000775576,0.00295496,10.3056
10.0432,0.137201,0.000724316,0.00295711,10.1851
10.0673,0.137327,0.000563145,0.00293922,10.2093
10.2437,0.137658,0.000701189,0.00300503,10.3861
10.0882,0.136508,0.000555754,0.00295329,10.2294
10.0519,0.137764,0.00071454,0.00291896,10.1945
10.3603,0.138094,0.000710011,0.00291467,10.5033
10.1804,0.138759,0.000548601,0.00295162,10.3238
10.033,0.137305,0.000547647,0.00291324,10.1748
10.1909,0.136471,0.00056386,0.00296593,10.3326



6.17068,0.0847993,0.00037241,0.00237107,6.25962
5.68425,0.0838816,0.000676394,0.00241041,5.77238
5.7216,0.0842147,0.000618935,0.00239205,5.81044
5.85422,0.0844436,0.000666857,0.00239444,5.94293
5.74517,0.0847256,0.000335455,0.00237441,5.83443
5.70751,0.0838258,0.000637054,0.00237083,5.79611
5.84513,0.0844874,0.000353575,0.00237012,5.93411
5.80107,0.0850527,0.000362873,0.00236416,5.88974
5.67085,0.0836215,0.000629663,0.00238013,5.75867
5.67796,0.0843787,0.000355005,0.00235295,5.76679
5.70667,0.083719,0.00062108,0.00236559,5.79459
5.76355,0.0843329,0.000316143,0.00244045,5.8543
5.65396,0.0842261,0.000351667,0.00236225,5.74267
5.76432,0.0847762,0.000659943,0.00240421,5.85332
5.70052,0.0842032,0.000322104,0.00237012,5.78909
5.78929,0.0835145,0.00036788,0.00241017,5.87755
5.68551,0.0845852,0.000644922,0.00237107,5.77499
5.69565,0.0846186,0.000646591,0.00238347,5.78508
5.68366,0.0840886,0.000333309,0.00236773,5.77149
5.68844,0.0850258,0.000331879,0.00241017,5.77716
5.72288,0.084708,0.000361681,0.00241184,5.81159
5.68308,0.0841496,0.00064373,0.002388,5.77213
5.67807,0.0844967,0.000349998,0.00235176,5.76631
5.65985,0.0847354,0.000667334,0.00237226,5.74928
5.74772,0.0844986,0.000320673,0.00238562,5.83752
5.71332,0.0846555,0.000331879,0.00235868,5.80172
5.73671,0.0847025,0.000368357,0.00238848,5.82542
5.68282,0.0846059,0.000690937,0.00238824,5.77192
5.85644,0.0847225,0.000356674,0.00238848,5.9458
5.6661,0.0833948,0.000368357,0.0023334,5.7539
5.6943,0.084501,0.000323534,0.00240827,5.78505
5.8139,0.0849025,0.000328541,0.00240326,5.90274
5.84041,0.0842142,0.000366449,0.00237298,5.92908
5.70535,0.0846896,0.000635862,0.00235534,5.79408
5.68556,0.0837162,0.000715971,0.00235295,5.77357
5.87387,0.0842955,0.000739336,0.00237036,5.9631
5.69849,0.0843472,0.000337362,0.00240207,5.78684
5.69201,0.0838544,0.000687122,0.00237584,5.77996
5.68136,0.0847907,0.00069356,0.00235319,5.77091
5.65953,0.083998,0.000365257,0.00240111,5.7483
5.87376,0.0842059,0.000319958,0.00239086,5.96187
5.65521,0.0845706,0.000656605,0.00234294,5.74398
5.69425,0.0843148,0.000691652,0.00240564,5.78353
5.67884,0.0831254,0.000680208,0.00234795,5.76678
5.70792,0.0844927,0.000701189,0.00244713,5.7973
5.70488,0.0843496,0.000645161,0.00235367,5.79906
5.75259,0.0846832,0.000699043,0.00235462,5.84189
5.68702,0.0875614,0.000358105,0.00234532,5.77915
5.71952,0.0844655,0.000331402,0.00238681,5.80846
5.67808,0.0841966,0.000336409,0.00236249,5.76675



7.84438,0.0963416,0.000706673,0.00249147,7.94552
7.17546,0.0958352,0.0006845,0.00235128,7.27584
7.18691,0.0967274,0.000663757,0.002352,7.28973
7.11,0.096242,0.000433683,0.0023582,7.21148
7.14527,0.0958881,0.000452042,0.00234914,7.24545
7.13399,0.0958819,0.000736713,0.00232553,7.23398
7.30411,0.0948329,0.000737906,0.0023694,7.4041
7.15191,0.094995,0.000704288,0.00230694,7.25171
7.16572,0.0957105,0.000632524,0.00237846,7.26605
7.13507,0.0967348,0.000460625,0.00237632,7.23638
7.25359,0.0959716,0.000458241,0.00235176,7.35427
7.23026,0.0960014,0.000424862,0.00232577,7.33021
7.11366,0.0954142,0.000696898,0.00232077,7.21341
7.11339,0.0962555,0.000469685,0.00232553,7.21421
7.2803,0.0968404,0.000734806,0.00232244,7.38467
7.14163,0.0960922,0.00108385,0.00231791,7.24295
7.07565,0.0953333,0.00064683,0.00233364,7.17569
7.08942,0.0958219,0.000436068,0.00239992,7.1898
7.09762,0.0960023,0.000858068,0.00231028,7.19815
7.13355,0.0960159,0.00044179,0.00233388,7.23419
7.11981,0.0961111,0.00067687,0.00237989,7.22014
7.11332,0.0969825,0.000438929,0.00234985,7.21486
7.12936,0.0961988,0.000463963,0.00237179,7.22937
7.11708,0.0949664,0.000446558,0.00232649,7.21762
7.09002,0.0963681,0.000439644,0.00238442,7.19091
7.1521,0.0958579,0.000456572,0.00232267,7.2519
7.07368,0.0961354,0.000454426,0.00234199,7.1738
7.1661,0.0956142,0.000426531,0.00231934,7.26647
7.18928,0.0960245,0.000430346,0.00235343,7.28976
7.30771,0.0969524,0.000442743,0.00236559,7.40882
7.09168,0.095942,0.00046277,0.00234747,7.19214
7.1186,0.0954053,0.0004251,0.00237107,7.21861
7.09698,0.0958707,0.000473738,0.0023365,7.19719
7.23658,0.09604,0.000449657,0.00236559,7.33718
7.09747,0.0959678,0.000454187,0.002321,7.1982
7.14103,0.0954392,0.00045228,0.00232601,7.24113
7.08144,0.0957372,0.000732422,0.00237179,7.18208
7.09123,0.0956435,0.000424862,0.00232935,7.19157
7.09116,0.0960858,0.000427246,0.00231385,7.19101
7.11302,0.0966394,0.00228834,0.00226259,7.2154
7.13258,0.0961008,0.000455618,0.00234962,7.23352
7.09847,0.0957944,0.000632048,0.00233531,7.1992
7.10291,0.0964539,0.000422478,0.00234818,7.20381
7.09797,0.0963378,0.000650167,0.00229883,7.19848
7.0873,0.0958364,0.000427246,0.00230479,7.18782
7.07198,0.0958734,0.000814199,0.00229573,7.17316
7.10289,0.0960524,0.000433683,0.00235224,7.20349
7.13853,0.0963769,0.000663519,0.00233698,7.24192
7.07388,0.095799,0.000629902,0.00235534,7.17395
7.31331,0.0968361,0.000471115,0.00234342,7.41474



2.89726,0.0352778,0.000313044,0.000440836,2.93425
2.5365,0.0357149,0.00340676,0.00041008,2.57702
2.50681,0.0343471,0.000639915,0.000437737,2.54307
2.52662,0.0347934,0.000624657,0.000948906,2.56382
2.51875,0.0354338,0.000299931,0.00043869,2.55581
2.51109,0.0349741,0.000614643,0.000471115,2.54815
2.50207,0.0351267,0.000626564,0.000445843,2.5392
2.61579,0.0343516,0.000282764,0.000424385,2.65205
2.50362,0.0344365,0.000293255,0.000428915,2.54208
2.50864,0.0352507,0.00028348,0.000432014,2.54566
2.48556,0.0350187,0.000615358,0.000914812,2.5232
2.50233,0.0345778,0.000262976,0.000446558,2.5386
2.49705,0.0355413,0.000309944,0.000431776,2.53438
2.49392,0.0357242,0.000611305,0.000416517,2.53151
2.50826,0.0353384,0.00029707,0.000928879,2.54576
2.51286,0.0361967,0.000601053,0.00203466,2.55261
2.49468,0.0349605,0.00028038,0.000930548,2.53159
2.49904,0.0350025,0.000663996,0.000418186,2.53604
2.51706,0.0344689,0.000623465,0.000417948,2.55365
2.49969,0.0350068,0.00028491,0.000442743,2.53646
2.50635,0.0346804,0.000299931,0.000442743,2.54275
2.49357,0.0351794,0.000622511,0.000438213,2.53088
2.5144,0.0350232,0.000293732,0.000461817,2.55105
2.55605,0.0347075,0.000291348,0.000914812,2.593
2.49072,0.0356364,0.000642061,0.000479698,2.52844
2.48711,0.0351045,0.000651121,0.000427723,2.52415
2.5158,0.0346479,0.000291109,0.000935793,2.55274
2.49057,0.0351799,0.00063324,0.000957251,2.52833
2.48512,0.0348909,0.000290155,0.000481129,2.52175
2.5015,0.0349164,0.000589609,0.000437975,2.5384
2.56636,0.0353045,0.000629663,0.000445604,2.60374
2.50349,0.0352962,0.000272751,0.000440598,2.54042
2.57035,0.0350549,0.000253916,0.000414848,2.60703
2.5612,0.0344908,0.000629187,0.000433922,2.59762
2.48943,0.0354002,0.000590324,0.000411987,2.52668
2.50702,0.034781,0.000251532,0.000440598,2.54347
2.54362,0.0357714,0.000283003,0.000952482,2.58141
2.51561,0.0353444,0.000263453,0.000435829,2.55254
2.56278,0.0349364,0.000261784,0.000460625,2.59934
2.51009,0.0350027,0.000599146,0.000428915,2.54904
2.49291,0.034364,0.000617504,0.000430822,2.52937
2.49433,0.0359223,0.000614643,0.000412703,2.53226
2.49364,0.0358758,0.000611544,0.000416517,2.53148
2.53098,0.0346651,0.00028491,0.000481129,2.56744
2.47661,0.0350919,0.000602961,0.000471592,2.51379
2.48873,0.0355997,0.000621319,0.000913858,2.52685
2.50246,0.0350614,0.000649214,0.000437737,2.5395
2.49856,0.0352802,0.000616789,0.000439882,2.53591
2.49435,0.0342498,0.000287294,0.000435591,2.53023
2.48631,0.0357473,0.000831127,0.000952005,2.52461



3.251,0.0397067,0.000330687,0.000436544,3.29234
2.95998,0.0393143,0.000323296,0.000959873,3.00149
2.88099,0.0408165,0.000617266,0.00104046,2.92427
2.88869,0.0405128,0.00063324,0.000957966,2.93177
2.8904,0.0397477,0.000640154,0.000454426,2.93219
2.92097,0.039525,0.000282526,0.000439644,2.96221
2.87041,0.0401988,0.000278473,0.000926733,2.91505
2.89115,0.0406792,0.0027647,0.000448942,2.93591
2.92843,0.0402348,0.000288486,0.000446081,2.97035
2.90039,0.0406461,0.000785351,0.000992298,2.94371
2.87188,0.0402977,0.000311613,0.000965357,2.91434
2.8779,0.0404203,0.000623703,0.000976562,2.92085
2.89272,0.0401464,0.000290871,0.000940084,2.93513
2.95969,0.0393069,0.000837564,0.000462055,3.00117
2.88843,0.0393875,0.000306845,0.000437498,2.92937
2.88331,0.0405354,0.000305176,0.00093174,2.92602
2.89009,0.0404735,0.000302076,0.00239086,2.93398
2.89489,0.0403166,0.000309467,0.000441313,2.9369
2.87915,0.0398202,0.000359535,0.000458479,2.92304
2.88135,0.0394571,0.00064826,0.000972986,2.92328
2.99384,0.039113,0.00336337,0.000505209,3.03776
2.86905,0.0406327,0.000289679,0.000456333,2.91139
2.9042,0.0407605,0.00030756,0.00045681,2.94645
2.87383,0.0403919,0.000581741,0.00097394,2.9189
2.8658,0.0409224,0.000640631,0.000958204,2.90912
2.90312,0.0397785,0.000620365,0.000443935,2.94479
2.86476,0.0397551,0.000643253,0.000876188,2.90697
2.86383,0.0396814,0.000648975,0.000977278,2.906
2.87491,0.0399241,0.000280857,0.000982523,2.91707
2.86966,0.0401461,0.00027585,0.00095582,2.91197
2.85595,0.0406125,0.00030899,0.000935316,2.89856
2.96429,0.0399544,0.000318527,0.000451565,3.00596
2.87391,0.0400817,0.000282526,0.000969887,2.91604
2.87856,0.0404892,0.000633717,0.000441313,2.92096
2.88343,0.0403183,0.000640869,0.000957012,2.9263
2.87738,0.039804,0.0003016,0.000962734,2.91931
2.89732,0.0398314,0.000801325,0.000439405,2.93943
2.87697,0.0401886,0.000594378,0.000952721,2.91964
2.90021,0.040658,0.00028348,0.000957251,2.9429
2.87565,0.0404072,0.000280857,0.000447989,2.91755
2.86118,0.0399654,0.000305653,0.000455141,2.90289
2.95248,0.0401378,0.000847578,0.000454426,2.99598
2.86722,0.0395973,0.000300884,0.000452757,2.90842
2.90368,0.0398142,0.000282049,0.000440359,2.94521
2.87349,0.039397,0.000644445,0.000456095,2.91492
2.87327,0.0404398,0.000310659,0.000953674,2.917
2.87918,0.0402417,0.000594616,0.000458956,2.92137
2.86803,0.0401373,0.000281811,0.000970125,2.91035
2.96759,0.0403645,0.000294447,0.000968933,3.00999
2.87115,0.0402002,0.000648975,0.00044632,2.91322



3.51724,0.0445311,0.000311852,0.000427723,3.56349
3.20427,0.0443501,0.000339031,0.00101209,3.25085
3.21742,0.0443759,0.000610352,0.000952005,3.26429
3.22206,0.043819,0.000308752,0.000472307,3.26763
3.23993,0.0441906,0.000627995,0.000506401,3.28612
3.19105,0.0440943,0.000625372,0.00048852,3.23729
3.20325,0.0441747,0.000600815,0.000467539,3.24935
3.21787,0.0437608,0.000380993,0.000484705,3.26348
3.2128,0.0442388,0.000345945,0.000474215,3.25867
3.20635,0.0441453,0.000629663,0.000826597,3.25278
3.22728,0.0442891,0.00031805,0.000489473,3.27311
3.57691,0.0440521,0.00033617,0.000496149,3.62265
3.22661,0.04427,0.00063777,0.000477314,3.27284
3.202,0.0446813,0.000612497,0.000967026,3.24922
3.21185,0.0441411,0.000317335,0.0019989,3.25923
3.32737,0.0454266,0.00341225,0.000519514,3.37775
3.21722,0.0446925,0.000303507,0.00047636,3.26363
3.21282,0.0448546,0.000642061,0.000982523,3.26009
3.21329,0.0439725,0.000310183,0.000440359,3.25877
3.25285,0.0444055,0.000316381,0.00104952,3.29955
3.20584,0.0448751,0.000324011,0.000961065,3.25283
3.19724,0.0442314,0.000310421,0.000496149,3.24334
3.20769,0.0447695,0.000325918,0.00100803,3.25465
3.31268,0.0444639,0.000658512,0.000966311,3.3597
3.20547,0.0444767,0.000291109,0.000507832,3.25407
3.20409,0.0437756,0.000290394,0.000477552,3.24956
3.21969,0.0439966,0.000291586,0.000463486,3.26553
3.24983,0.0445604,0.000650406,0.00097847,3.29683
3.20108,0.0438249,0.00060606,0.000481367,3.247
3.257,0.0445054,0.000325203,0.000501394,3.30342
3.25145,0.0443807,0.00028801,0.000950098,3.29786
3.31986,0.0446191,0.00139737,0.000471592,3.36736
3.23591,0.0440705,0.000309944,0.000964165,3.28207
3.30832,0.0439928,0.000635147,0.0004673,3.35434
3.19224,0.0447018,0.000591993,0.00102711,3.23936
3.20139,0.044373,0.000868797,0.00107884,3.24864
3.20028,0.0442467,0.00116587,0.000848293,3.24733
3.19959,0.0444877,0.000305176,0.000518084,3.24794
3.30343,0.0444937,0.000305653,0.000473499,3.34961
3.43008,0.044698,0.000624657,0.000952721,3.47707
3.23724,0.0446799,0.000594139,0.000422478,3.2837
3.20326,0.0448084,0.00285697,0.000446081,3.25217
3.20003,0.0444121,0.000633955,0.000473738,3.24634
3.23727,0.0440574,0.000352621,0.000500202,3.28319
3.23567,0.0449958,0.000641584,0.000486612,3.28284
3.22524,0.0444703,0.00062871,0.000463247,3.2717
3.3241,0.0442235,0.000333309,0.000950098,3.37051
3.22553,0.0444033,0.000674963,0.000956059,3.27262
3.20584,0.0448773,0.00034523,0.000491381,3.25241
3.23288,0.0438788,0.00032115,0.000970125,3.27951



6.92115,0.0808954,0.000627518,0.00147557,7.00542
6.29708,0.0809019,0.000724316,0.00144386,6.38144
6.17708,0.0826747,0.000490904,0.00146174,6.26343
6.18761,0.0817337,0.000474215,0.00147891,6.2731
6.23563,0.0808022,0.000462294,0.00151253,6.31997
6.21194,0.081583,0.000441551,0.00139928,6.29647
6.23753,0.0827999,0.000656128,0.0015018,6.3236
6.15964,0.081799,0.000672817,0.00149131,6.24478
6.18126,0.0815122,0.000426531,0.00148082,6.26582
6.18834,0.0817151,0.0004282,0.00140309,6.27359
6.17899,0.0820866,0.000427961,0.00141907,6.26454
6.19445,0.08079,0.000705242,0.00148034,6.2791
6.19389,0.0824602,0.000454903,0.00145841,6.27935
6.17996,0.0814383,0.000455618,0.00144982,6.26455
6.19738,0.0821242,0.000438929,0.00146961,6.28242
6.21715,0.0824351,0.00070405,0.0014739,6.3029
6.17296,0.081728,0.000718832,0.00138211,6.26005
6.1845,0.0814965,0.000797987,0.00138974,6.27115
6.26833,0.0832174,0.000615358,0.00136399,6.35437
6.19754,0.0815797,0.000672817,0.00143695,6.28231
6.17865,0.0822763,0.000684738,0.00145411,6.26481
6.20716,0.0809336,0.000710964,0.00149632,6.29199
6.35173,0.082854,0.000451803,0.00151801,6.43766
6.18462,0.0818725,0.00062561,0.00140834,6.27017
6.23245,0.0822809,0.00041008,0.00145197,6.31807
6.14872,0.0818207,0.000474215,0.00137091,6.23348
6.22143,0.0825183,0.000717402,0.0014019,6.30719
6.16822,0.0820825,0.000450373,0.00145102,6.25307
6.16297,0.0820324,0.000459909,0.00139451,6.2479
6.25582,0.0815895,0.000454187,0.00136876,6.3409
6.16696,0.0815682,0.000690222,0.00135541,6.25425
6.21707,0.0817401,0.00342011,0.00126386,6.30503
6.1978,0.0816014,0.000673056,0.00137568,6.28245
6.25631,0.0814188,0.000442505,0.00140381,6.3411
6.17086,0.0819104,0.000693321,0.00139332,6.25579
6.16878,0.0810637,0.000671148,0.00138497,6.2531
6.21912,0.0807257,0.000417948,0.00135422,6.30265
6.21398,0.0818026,0.000712633,0.00138187,6.2989
6.19645,0.08251,0.000711918,0.00139523,6.28215
6.35046,0.0827472,0.000665188,0.00137687,6.43621
6.15889,0.0811954,0.000672817,0.00137949,6.24321
6.30087,0.0827179,0.000708818,0.00138187,6.38714
6.18114,0.081573,0.00184631,0.00132895,6.26695
6.19584,0.0821021,0.000693083,0.0013814,6.28156
6.15716,0.0823364,0.000692606,0.0013988,6.24264
6.24979,0.0814474,0.000662327,0.00135422,6.33427
6.37746,0.081342,0.000446558,0.00137687,6.46171
6.36951,0.0818205,0.000998259,0.0013988,6.45481
6.17687,0.0812254,0.000466824,0.00138164,6.2609
6.1702,0.0809929,0.000702381,0.00140262,6.25482



9.89913,0.110031,0.000735521,0.00105906,10.0119
9.06895,0.110913,0.00064826,0.00106597,9.1838
9.00516,0.111088,0.00354195,0.000989437,9.12178
9.01796,0.111981,0.000670671,0.00108027,9.13291
9.30198,0.111103,0.000648975,0.00107241,9.41592
8.97728,0.110713,0.000521421,0.00107312,9.09081
9.11771,0.110546,0.000640869,0.00106645,9.23103
9.07871,0.110709,0.000732899,0.00103116,9.19266
9.08197,0.111086,0.000765562,0.00094676,9.1967
8.98677,0.110316,0.000647068,0.00105834,9.10221
9.24508,0.111378,0.000550032,0.00107527,9.35956
8.98758,0.110295,0.000546455,0.00108528,9.10061
9.13547,0.111607,0.0005126,0.00104475,9.25019
8.98083,0.110006,0.000529051,0.00106525,9.09359
9.03323,0.110495,0.000748634,0.00106788,9.14667
9.24298,0.111928,0.000721455,0.0010767,9.35789
8.98041,0.109929,0.000546455,0.00108314,9.09303
8.97765,0.110693,0.00053215,0.00109696,9.09151
8.98484,0.110446,0.000553131,0.00108099,9.09808
9.0535,0.110229,0.000508547,0.00109172,9.16655
9.07321,0.111379,0.00069356,0.00108027,9.18873
9.30943,0.112432,0.000719309,0.00100827,9.42467
8.98041,0.110402,0.000728607,0.00102901,9.09406
9.10027,0.110258,0.00073576,0.00107646,9.21359
9.21959,0.110729,0.000543118,0.00107217,9.33312
9.03366,0.111012,0.000720024,0.00109625,9.14768
9.09656,0.11065,0.000732899,0.00101972,9.20995
8.96471,0.11107,0.000525951,0.00106907,9.07861
9.00728,0.11164,0.000551462,0.00106978,9.12157
8.96227,0.111383,0.000520229,0.000988245,9.07901
9.03972,0.110653,0.000658035,0.00102544,9.15328
8.98372,0.111549,0.000800133,0.0010612,9.09807
8.97416,0.111081,0.000527143,0.000998497,9.08775
9.004,0.110987,0.000663757,0.00109148,9.11791
9.09216,0.110353,0.000687361,0.00106144,9.20539
9.02126,0.110394,0.000710249,0.000943899,9.13442
8.98968,0.110746,0.000524521,0.00106788,9.10296
9.17744,0.129817,0.000640392,0.00103545,9.31002
8.98921,0.110555,0.000510693,0.00106335,9.10245
8.99547,0.111128,0.000535488,0.00106096,9.10928
8.98564,0.11185,0.000918388,0.00109577,9.10057
8.97425,0.110835,0.000707388,0.000956774,9.08799
9.30314,0.110477,0.000505209,0.00108242,9.41627
8.98125,0.110896,0.000741482,0.00103974,9.09497
9.02608,0.109926,0.000523329,0.00107074,9.13853
9.10672,0.11104,0.000729322,0.000957489,9.22066
9.04839,0.110903,0.000667334,0.00107551,9.16215
9.06613,0.109853,0.000507355,0.00108004,9.17877
9.00069,0.110799,0.00064826,0.00107312,9.11429
8.98278,0.110626,0.00052166,0.00108504,9.096



31.8919,0.310569,0.00141764,0.00986242,32.2158
29.0765,0.312358,0.00124478,0.00811625,29.4047
28.9118,0.312024,0.00213671,0.0081017,29.2357
29.0166,0.304043,0.00151181,0.00795341,29.3329
28.9993,0.310067,0.0013082,0.00793958,29.3203
29.2884,0.314371,0.00124311,0.00869036,29.615
29.6447,0.35231,0.00145721,0.00942898,30.0105
29.0167,0.31151,0.00140214,0.00784826,29.339
29.6646,0.314418,0.0015862,0.00819659,29.9907
28.7923,0.336648,0.00174069,0.00931215,29.1425
28.8708,0.305942,0.00127792,0.00848413,29.1888
28.8897,0.305034,0.00139332,0.00826573,29.2063
29.9071,0.375851,0.00136447,0.00878501,30.2955
29.1172,0.311326,0.00150967,0.00941539,29.442
29.8609,0.309393,0.00131989,0.00797844,30.1835
28.7458,0.335809,0.00134516,0.00941586,29.0949
28.7303,0.304379,0.00126147,0.00948238,29.048
28.8683,0.312283,0.00128436,0.00785542,29.1913
28.7244,0.353529,0.0018115,0.00940561,29.092
29.1171,0.39156,0.00145864,0.00787759,29.5197
28.7432,0.304384,0.001266,0.00786757,29.0585
28.8339,0.355411,0.00132108,0.0079143,29.2003
30.1663,0.306175,0.0012722,0.00797057,30.4834
29.2648,0.304577,0.00129485,0.00801039,29.5805
28.6521,0.346659,0.00129366,0.00945687,29.0122
29.5637,0.304694,0.00131679,0.00799751,29.8795
29.5475,0.379969,0.00211048,0.0105269,29.942
28.7142,0.303157,0.00125003,0.00895834,29.0301
28.5474,0.305736,0.00132155,0.00790882,28.864
28.7455,0.358397,0.00120354,0.00953054,29.1172
28.696,0.304579,0.00128365,0.00802827,29.0116
29.4593,0.306366,0.00127316,0.0079658,29.7766
28.6199,0.304878,0.0015347,0.00792909,28.9359
28.9704,0.303291,0.00176454,0.00972366,29.2878
30.2633,0.304305,0.00124669,0.00950289,30.581
28.5998,0.304173,0.00123978,0.00945139,28.9172
28.5942,0.303926,0.00129938,0.00788307,28.9089
28.7176,0.338133,0.00132227,0.00957274,29.0693
28.566,0.304876,0.00126195,0.00949049,28.8841
29.4691,0.304067,0.00136256,0.00946879,29.7867
29.3277,0.306449,0.00118947,0.00945568,29.6475
28.6629,0.304766,0.00129175,0.00791335,28.9786
28.6558,0.304613,0.00127006,0.00788355,28.9713
28.8726,0.30373,0.0013392,0.00807691,29.1874
29.4184,0.304462,0.00132656,0.00887728,29.7359
28.5398,0.305336,0.00129271,0.00790954,28.8568
28.6508,0.304233,0.00121665,0.00940967,28.9683
28.6834,0.305362,0.00131059,0.00806308,28.9998
28.5722,0.329947,0.0013175,0.00791955,28.9131
28.8367,0.311564,0.002877,0.00782132,29.1606



24.7107,0.243685,0.00365853,0.00336051,24.9634
24.5505,0.245665,0.00183392,0.00298738,24.8022
21.5637,0.23944,0.00168586,0.00292444,21.8093
21.4135,0.240388,0.00165176,0.00292253,21.6602
22.1074,0.240351,0.00152087,0.002913,22.354
21.9971,0.244856,0.00155258,0.00290942,22.2484
21.8263,0.24284,0.00154543,0.00286388,22.0751
21.9798,0.240366,0.00160456,0.00286579,22.2265
21.3774,0.241188,0.00156498,0.00288916,21.6248
22.7648,0.241119,0.00152731,0.00293398,23.0122
21.5873,0.24222,0.00157499,0.00301695,21.8351
21.5031,0.240049,0.00158763,0.00292826,21.7495
21.8847,0.248383,0.00152874,0.0029037,22.141
21.1911,0.242708,0.00155401,0.00288892,21.4398
21.4902,0.293043,0.00153542,0.00290227,21.7889
21.8898,0.240783,0.00145626,0.00299573,22.1376
21.3817,0.240649,0.00159287,0.00288367,21.6287
21.6603,0.243371,0.00181937,0.00301981,21.9103
21.2312,0.242293,0.00158262,0.00295806,21.48
21.5147,0.241868,0.00151014,0.00290489,21.7628
21.835,0.290581,0.00153589,0.00292778,22.1312
21.9473,0.241146,0.00149751,0.00296855,22.1945
21.364,0.241909,0.00154901,0.00292063,21.612
21.6681,0.241547,0.00151825,0.00289321,21.9154
21.9738,0.240998,0.00160098,0.00292993,22.2221
21.9974,0.241416,0.00168419,0.00290084,22.2451
22.1062,0.244101,0.00155544,0.00292587,22.3558
21.4121,0.241765,0.00155234,0.00291491,21.6602
22.0862,0.24136,0.00154614,0.00297379,22.3339
21.5181,0.242913,0.00166345,0.0029223,21.7673
21.9136,0.241066,0.00156212,0.00291944,22.161
21.6608,0.240413,0.00161076,0.00291204,21.9076
22.0395,0.241427,0.00157046,0.00290132,22.2867
21.3143,0.241143,0.00154519,0.00289321,21.5611
21.7121,0.240177,0.00156283,0.00294304,21.9587
22.7335,0.242399,0.00151372,0.00292516,22.9822
22.1891,0.303053,0.00147247,0.00291562,22.4979
21.5056,0.239573,0.00177813,0.00297642,21.7517
21.7595,0.239452,0.00163245,0.00288725,22.0053
21.7863,0.239569,0.00144887,0.00289941,22.0314
20.9875,0.239832,0.00150037,0.00290442,21.2337
21.008,0.240797,0.00160933,0.00287247,21.2552
21.3054,0.240877,0.00161624,0.00287199,21.5529
21.6046,0.239975,0.00154305,0.00293708,21.8512
21.4658,0.24417,0.00147104,0.00292301,21.7155
21.7247,0.240275,0.00151014,0.00286484,21.971
20.8935,0.240061,0.0015099,0.00289369,21.1398
21.0536,0.241288,0.00160742,0.00287771,21.3035
21.2367,0.241093,0.00160861,0.00288677,21.4842
20.8733,0.239682,0.00151372,0.00290942,21.1191



5.29556,0.0672812,0.00343728,0.00105906,5.36807
4.85896,0.0663126,0.000295401,0.00113368,4.93251
4.85834,0.066869,0.000300169,0.00112867,4.92746
4.86803,0.0668223,0.000306368,0.00152421,4.93871
4.87251,0.067203,0.000305414,0.00112176,4.94198
4.86612,0.0670376,0.000622749,0.00112343,4.93588
4.84466,0.0674281,0.000626802,0.00111461,4.91455
4.87666,0.0672016,0.000717163,0.00112891,4.94663
4.86801,0.0670185,0.000305414,0.00113177,4.93754
4.85361,0.0672197,0.000312805,0.00111556,4.92314
5.0625,0.0665948,0.000636101,0.0011344,5.13182
4.86584,0.0671556,0.00066781,0.00112867,4.9358
4.86791,0.0669229,0.000653982,0.00111246,4.93749
4.84937,0.0670149,0.000628948,0.00111413,4.91919
4.87166,0.0668509,0.000330448,0.00113583,4.94089
4.96378,0.0670717,0.00065279,0.00114346,5.03337
4.92906,0.0666814,0.00069952,0.00111341,4.99838
5.05677,0.0672789,0.000309467,0.00114417,5.12633
5.027,0.0679529,0.000638962,0.00114107,5.09747
4.87947,0.066891,0.000624657,0.00111032,4.94919
5.01734,0.0670261,0.000632286,0.0011313,5.08696
4.8473,0.0669096,0.000316858,0.0011425,4.91669
4.88674,0.0671124,0.000814199,0.00111794,4.95696
4.8625,0.0670495,0.00341702,0.00106978,4.93501
4.86418,0.0670254,0.000346661,0.00112128,4.93342
4.88757,0.066839,0.000321388,0.00112772,4.9566
4.85775,0.0668523,0.000700235,0.00113845,4.9324
5.11318,0.066963,0.000613689,0.00111032,5.18312
4.87519,0.0675657,0.000302076,0.00111175,4.94492
4.89447,0.0670061,0.000314713,0.00113463,4.96382
4.8632,0.0668299,0.000326633,0.00112963,4.93357
4.9093,0.067343,0.000642061,0.00111961,4.97939
4.85138,0.0668485,0.000704527,0.00111747,4.92094
4.84846,0.0670607,0.000628233,0.00111341,4.91824
4.85667,0.0669148,0.000315905,0.00111866,4.92589
4.84898,0.0670404,0.000301123,0.00112295,4.91829
4.86424,0.0669012,0.000317335,0.00112271,4.93343
4.8797,0.067028,0.000293732,0.00112176,4.94898
4.85414,0.0671759,0.000315189,0.00113821,4.9237
4.85366,0.0675886,0.000657558,0.00113606,4.92383
5.02946,0.0672917,0.000316381,0.00111818,5.09911
4.88389,0.0675783,0.000650883,0.00112963,4.9543
4.85046,0.0672712,0.000636816,0.00113964,4.92041
4.84696,0.0669069,0.000651836,0.00112247,4.91777
4.86809,0.0672345,0.00067997,0.00114846,4.93817
4.85498,0.0670733,0.000325918,0.00112391,4.9244
4.85963,0.0669823,0.000810146,0.00112271,4.93147
4.86121,0.0671337,0.000292063,0.00112247,4.93126
4.86551,0.0669925,0.000652552,0.00113893,4.93528
4.91219,0.0674267,0.000352859,0.00111485,4.98199



7.7131,0.0900178,0.000621557,0.000396967,7.80547
7.10624,0.0914361,0.000731707,0.000385761,7.19976
7.13422,0.090539,0.000665426,0.000381231,7.22676
7.11367,0.0900619,0.00063777,0.000391006,7.20575
7.20663,0.090523,0.000719786,0.000375986,7.299
7.12608,0.0902839,0.000467539,0.000403166,7.21802
7.17018,0.0911911,0.000415087,0.000389576,7.26308
7.36219,0.0912504,0.000458002,0.000407934,7.4552
7.13675,0.0914075,0.000647306,0.000389338,7.23007
7.16037,0.0912304,0.000457048,0.000384092,7.25382
7.59563,0.0918214,0.000689268,0.000386477,7.68949
7.26841,0.0909817,0.00070715,0.000394106,7.3614
7.30446,0.0907488,0.000446558,0.000386953,7.39681
7.01098,0.090178,0.000431776,0.000396967,7.10276
7.15189,0.0908761,0.000443459,0.000381947,7.24441
7.20477,0.0902908,0.000660896,0.000384331,7.29697
6.96596,0.0905921,0.000874519,0.000381231,7.05868
7.13691,0.0904291,0.00044322,0.000382662,7.22914
7.17312,0.0899794,0.000699997,0.000388384,7.26514
7.00876,0.0912523,0.000432014,0.000392199,7.1016
7.00413,0.0913763,0.000445366,0.000390768,7.09737
7.00506,0.090384,0.000643969,0.000384808,7.09728
7.22212,0.0900407,0.00042057,0.000388861,7.31499
7.01386,0.0895324,0.000457525,0.000389576,7.1073
7.09019,0.0897942,0.000419378,0.000401497,7.18168
7.00751,0.0906858,0.000648737,0.000376701,7.10016
7.04318,0.091269,0.000458002,0.000397682,7.13629
6.99058,0.0917552,0.000701666,0.000386238,7.0844
7.14515,0.090615,0.000653267,0.000391245,7.2376
7.22946,0.0902452,0.000438213,0.000405073,7.32135
7.12539,0.0918386,0.000702858,0.00039959,7.21911
7.01194,0.091258,0.000691175,0.000381947,7.10508
6.96043,0.0898764,0.000726223,0.000425816,7.05219
7.18621,0.0912797,0.000453234,0.000562429,7.27939
6.93514,0.0903981,0.000666618,0.000392675,7.02733
7.01491,0.0892467,0.000736952,0.000563622,7.10634
7.15174,0.0908992,0.000699997,0.000388145,7.24594
7.10919,0.0910172,0.000692606,0.000395298,7.20205
7.30981,0.0915205,0.000509262,0.000396252,7.4031
7.19764,0.0906091,0.000643969,0.000400305,7.29014
7.41731,0.0917001,0.000458241,0.000390053,7.51055
7.21555,0.0895958,0.000651836,0.000390768,7.30701
7.05491,0.0913122,0.00045228,0.000402451,7.14791
7.32483,0.0907285,0.000465393,0.0003829,7.41723
7.13461,0.0908146,0.000705719,0.000393629,7.2273
7.05863,0.0903995,0.000431538,0.000402927,7.15058
7.03755,0.0915556,0.000430822,0.000397205,7.13066
6.961,0.0912504,0.000706911,0.000406027,7.0541
7.00959,0.0905237,0.000483751,0.000388384,7.10186
6.98789,0.0906665,0.00310564,0.000494003,7.08288



17.0496,0.172361,0.00053668,0.000448465,17.2237
16.645,0.169409,0.000525236,0.000488281,16.8162
16.1303,0.17033,0.000549078,0.000892639,16.3028
16.1261,0.169384,0.000907183,0.000453472,16.2979
16.2507,0.169904,0.000709057,0.000895739,16.4231
16.3509,0.170771,0.000931025,0.000881672,16.5243
16.2311,0.170645,0.000553131,0.000442743,16.4036
16.0098,0.169429,0.000905514,0.000451565,16.1839
16.0063,0.170212,0.000517368,0.000452518,16.1783
15.9271,0.203627,0.000532627,0.000918865,16.1329
16.0128,0.170665,0.000526428,0.000455379,16.1854
16.2686,0.171453,0.000808001,0.000437737,16.4422
16.1088,0.171872,0.000568151,0.000936985,16.2839
16.0066,0.172565,0.000786066,0.000642776,16.1814
16.3451,0.170348,0.000566721,0.000443459,16.5194
16.2763,0.170213,0.000552177,0.000446081,16.4494
16.1815,0.171695,0.000558853,0.00044775,16.3549
15.841,0.170974,0.000549316,0.000952482,16.0142
16.0038,0.171238,0.000544548,0.000443935,16.1768
15.9854,0.169161,0.000697613,0.000436306,16.1565
16.1332,0.169672,0.000558853,0.000443697,16.3047
15.9033,0.169741,0.00072217,0.000456333,16.0751
16.3963,0.169669,0.000529051,0.000442982,16.5678
16.0648,0.17011,0.000705957,0.000437975,16.2369
16.0082,0.169714,0.000555038,0.000943899,16.1801
15.8292,0.170475,0.000627995,0.00045228,16.0015
15.91,0.171452,0.000545025,0.000999928,16.089
16.3352,0.169182,0.000551939,0.000873566,16.5066
15.8782,0.170013,0.000723124,0.000931978,16.0507
15.9814,0.192438,0.00522995,0.000591993,16.1806
16.1245,0.170529,0.000897646,0.000486135,16.2972
16.0047,0.173617,0.000557661,0.00066328,16.1803
16.1301,0.16996,0.000703335,0.000518799,16.3021
16.0514,0.169886,0.000538111,0.00093627,16.2236
16.0773,0.170828,0.000531435,0.000909567,16.2504
16.5056,0.171385,0.000526428,0.000461102,16.6787
16.2801,0.169234,0.000531197,0.000999928,16.4518
16.4012,0.16954,0.000910759,0.000896931,16.5733
16.6533,0.169949,0.000533819,0.000441551,16.8251
15.9797,0.173115,0.000789881,0.000446796,16.1547
16.0176,0.184463,0.000545979,0.000563145,16.204
16.0914,0.194321,0.000826597,0.00123763,16.2887
16.076,0.169915,0.000714064,0.000916004,16.2485
16.3942,0.17111,0.000513077,0.00096488,16.5676
16.0657,0.17346,0.000967264,0.000459433,16.2415
16.1992,0.175012,0.00193477,0.00044775,16.3774
16.4776,0.171139,0.000961542,0.00044179,16.6521
15.9724,0.17086,0.000758171,0.000560522,16.1454
16.3962,0.17064,0.000711203,0.000444174,16.5687
16.1039,0.171416,0.000668287,0.000889063,16.2777



10.4568,0.101035,0.000551462,0.000194073,10.5593
9.56925,0.0992217,0.000725031,0.000177383,9.6702
9.76041,0.0998738,0.000836372,0.000187397,9.86224
9.98569,0.0996642,0.000816822,0.000182629,10.0872
9.83527,0.0995414,0.000780821,0.000193596,9.93658
9.81889,0.0995483,0.000735283,0.000329256,9.92037
9.788,0.0993769,0.000641823,0.000175238,9.88889
9.73409,0.100003,0.00053668,0.000175953,9.83675
9.76286,0.100168,0.000971079,0.000171185,9.86519
9.6791,0.102833,0.000616789,0.00016284,9.78583
9.42875,0.0995698,0.000656366,0.000174761,9.52992
9.68965,0.100491,0.000701189,0.000608206,9.7923
9.49413,0.100775,0.000659943,0.000176191,9.59648
9.67524,0.0995107,0.000539064,0.000198841,9.77638
9.74765,0.0988059,0.000538111,0.00032115,9.8481
9.76812,0.0996637,0.000952959,0.000175953,9.86978
9.5687,0.0997045,0.000722885,0.000189066,9.67015
9.70637,0.10239,0.000743389,0.000323772,9.81075
9.86688,0.0989437,0.000708342,0.000178099,9.96766
9.69445,0.0999463,0.000540495,0.000170946,9.79607
9.78161,0.0991383,0.000730515,0.000174999,9.88746
9.78615,0.0995097,0.000743389,0.000179052,9.88737
9.70793,0.0995157,0.000838518,0.000179052,9.80926
9.51333,0.100125,0.000668526,0.000173569,9.615
9.70936,0.101705,0.000559568,0.000180006,9.81249
9.62948,0.0989032,0.000632286,0.000174999,9.72997
9.60688,0.099288,0.000606775,0.000189781,9.70767
9.69597,0.0989861,0.000746489,0.00018549,9.79667
9.82278,0.09905,0.00054431,0.000312567,9.92337
9.44416,0.0999515,0.000733376,0.000190735,9.54579
9.63472,0.100543,0.000621557,0.000162125,9.7369
9.65782,0.100656,0.000702381,0.000189066,9.76031
9.68043,0.0985551,0.000754833,0.000189543,9.78068
9.76652,0.0986478,0.000690222,0.000184298,9.86676
9.6436,0.101002,0.000714779,0.000183105,9.74625
9.45776,0.0995626,0.000648022,0.000794411,9.55952
9.97516,0.0999932,0.000585318,0.000186205,10.0766
9.70535,0.0998571,0.000537395,0.000340223,9.80684
9.88527,0.099735,0.000578642,0.00017333,9.98646
9.56975,0.0980561,0.000659466,0.000184536,9.66934
9.65561,0.0997579,0.000547886,0.000174522,9.75695
9.61607,0.0995803,0.000620842,0.000172615,9.71714
9.55811,0.100288,0.000727892,0.000173807,9.66008
9.71389,0.0983577,0.000604391,0.000175714,9.8138
9.59385,0.0991387,0.000735283,0.000189543,9.69475
9.9728,0.0999541,0.000697136,0.000179291,10.0744
9.59572,0.098949,0.000524521,0.000185728,9.69622
9.59713,0.0987358,0.000589609,0.000176668,9.69749
9.8183,0.0991743,0.000555038,0.00018549,9.9191
9.57729,0.0989103,0.000750542,0.000338554,9.67808



17.253,0.337779,0.00111079,0.000941515,17.5937
15.7315,0.174794,0.00117898,0.000905752,15.9091
15.2912,0.173178,0.00122952,0.000905275,15.4674
15.1968,0.172623,0.00152612,0.000908852,15.3726
15.236,0.171693,0.00107193,0.000350714,15.41
15.2473,0.174089,0.000995398,0.000405073,15.4236
15.3186,0.177036,0.000993729,0.000363111,15.4977
15.3945,0.182069,0.00101137,0.000351191,15.5791
15.3487,0.178133,0.000992537,0.000360012,15.529
15.1209,0.173457,0.000978947,0.000370502,15.2967
15.1669,0.181384,0.000955582,0.000560522,15.3507
15.1358,0.173664,0.00108838,0.000896692,15.3122
15.6294,0.174164,0.00100589,0.000585318,15.8059
15.3994,0.173497,0.000919104,0.000907898,15.5756
15.1764,0.170945,0.00108719,0.00174284,15.351
15.4249,0.197856,0.00104761,0.000578642,15.6251
15.2792,0.173002,0.000994444,0.00056529,15.4546
15.9349,0.172516,0.00113034,0.000364304,16.1097
15.3465,0.173237,0.0010078,0.000896454,15.5247
15.3691,0.197322,0.00115252,0.000913382,15.5692
15.3481,0.172903,0.0011425,0.000883579,15.5237
15.4638,0.171325,0.00109816,0.000889063,15.6381
15.3674,0.171476,0.0011723,0.000906944,15.5418
15.319,0.174205,0.00106168,0.000925541,15.496
15.1695,0.175824,0.00101566,0.000899315,15.3481
15.3304,0.173648,0.00100636,0.000905991,15.5068
15.3076,0.17406,0.000967979,0.000566721,15.484
15.2818,0.170944,0.0011487,0.000422001,15.4552
15.5911,0.176568,0.000983238,0.000932932,15.7705
15.4297,0.175127,0.00105953,0.00091815,15.6076
15.406,0.175203,0.00101137,0.000941992,15.5864
15.2821,0.173852,0.000977039,0.00091815,15.4586
15.4642,0.174713,0.00109887,0.00090909,15.6418
15.3301,0.172989,0.00208187,0.00117016,15.5072
15.2862,0.178146,0.00098896,0.000928402,15.467
15.4083,0.174823,0.00112057,0.000939131,15.5859
15.296,0.177893,0.00121808,0.000926495,15.4768
15.7273,0.172286,0.000978947,0.000940561,15.9024
15.4286,0.172827,0.00117946,0.000909328,15.6042
15.5569,0.174489,0.000965357,0.000916481,15.7341
15.3872,0.176805,0.00115585,0.000917435,15.5668
15.2834,0.177114,0.00372863,0.000399113,15.4655
15.4205,0.174536,0.00368237,0.000342607,15.5997
15.4232,0.173675,0.00104213,0.000916004,15.5999
15.3789,0.173178,0.00110912,0.000594854,15.5546
15.377,0.1744,0.000959635,0.000566721,15.5537
15.4141,0.17664,0.00478458,0.000336409,15.5967
15.4622,0.172011,0.00117874,0.00091362,15.6372
15.5174,0.17697,0.00112224,0.000401974,15.6968
15.3848,0.172246,0.000956059,0.000909805,15.5597



14.7089,0.150487,0.000686646,0.000175238,14.861
13.533,0.149112,0.0006845,0.000160933,13.6838
13.22,0.15165,0.000677109,0.000177622,13.3734
13.3748,0.151212,0.00077486,0.000187159,13.5289
13.2142,0.152911,0.00069952,0.00017333,13.3687
13.2275,0.152008,0.0006845,0.000170708,13.3811
13.2088,0.150353,0.000669241,0.000162601,13.3607
13.2778,0.149761,0.00104547,0.000170946,13.4308
13.4441,0.149326,0.000681639,0.000173807,13.5953
13.2464,0.150536,0.000748396,0.000175476,13.401
13.2373,0.151777,0.000891447,0.000174999,13.391
13.282,0.152034,0.000733376,0.000160694,13.4356
13.2881,0.146963,0.000791788,0.000171423,13.4368
13.2723,0.147191,0.000685453,0.00017643,13.4211
13.4757,0.148976,0.00362802,0.000165939,13.6292
13.2469,0.149848,0.000656843,0.000335932,13.3985
13.2161,0.151365,0.000687838,0.000175238,13.369
13.3551,0.148036,0.000709295,0.000664473,13.5054
13.2661,0.151077,0.00074172,0.000174284,13.4189
13.3448,0.15124,0.0007658,0.000161886,13.4978
13.4216,0.148573,0.000753403,0.000205755,13.5719
13.2618,0.149653,0.00362659,0.000167131,13.4159
13.3372,0.14998,0.000732422,0.000172853,13.489
13.7672,0.152476,0.00083971,0.000169516,13.9214
13.2692,0.151467,0.000751972,0.000342846,13.4225
13.4093,0.150821,0.000727177,0.000176907,13.5617
13.1951,0.147458,0.00090313,0.000172853,13.3443
13.3627,0.149542,0.000727177,0.00017643,13.5139
13.2413,0.150439,0.000797987,0.000186443,13.3935
13.1806,0.150827,0.00071454,0.000178099,13.333
13.3531,0.151991,0.000679255,0.000175238,13.5067
13.6459,0.148662,0.000775337,0.000175714,13.7964
13.6103,0.151046,0.000786543,0.000169277,13.7642
16.2898,0.148597,0.000648022,0.000173569,16.4399
13.2543,0.148775,0.000807285,0.00017786,13.405
13.2008,0.149172,0.000910997,0.000187635,13.3521
13.2177,0.149826,0.000698805,0.000171423,13.3718
13.2173,0.1514,0.000750542,0.000176907,13.3703
13.2944,0.153452,0.000772953,0.000193119,13.4495
13.2334,0.148307,0.000631332,0.000172853,13.3833
13.2343,0.151551,0.000663996,0.000353575,13.3877
13.4284,0.151872,0.000742674,0.000170946,13.5819
13.3896,0.151594,0.000747204,0.000187635,13.5431
13.3227,0.150881,0.000935793,0.000175714,13.4779
13.2976,0.152698,0.00087142,0.000205278,13.4523
13.1742,0.153201,0.000763655,0.000182629,13.3292
13.2072,0.149184,0.000870943,0.00018096,13.3581
13.1898,0.151415,0.000680685,0.000177622,13.3428
13.3731,0.151068,0.000671625,0.000172853,13.5258
13.2222,0.151352,0.000656605,0.000188828,13.3775



